"Internal Pin ID","Work ID","Product","ASIN","Variant","Hypothesis","Alt Text","Topics","AI Generated","AI Person / Synthetic Person","Affiliate Disclosure","Affiliate URL","Board","Pinterest Title","Pinterest Description","Keywords","Media URL","Publish date","QA Status"
"PIN-1787244227106-A","WORK-1787244344200","ITEQ Brake Fluid Tester Pen","B076SC377J","A","MEASUREMENT_CONTEXT","ITEQ brake fluid tester pen being used at a vehicle brake fluid reservoir in a garage.","Car Maintenance | Brake System | Car Safety | DIY Auto | Automotive Tools","YES","PENDING_RENDER_QA","As an Amazon Associate, I earn from qualifying purchases.","https://amzn.to/4gItUX6","Car Maintenance & Safety","Check Brake Fluid Moisture Before Service","Brake fluid absorbs moisture over time. This tester pen can provide a quick screening indication that helps you decide when the fluid deserves proper service evaluation. As an Amazon Associate, I earn from qualifying purchases. #CarMaintenance #BrakeSystem #CarSafety #DIYAuto #AutomotiveTools","Car Maintenance, Brake System, Car Safety, DIY Auto, Automotive Tools","https://usefultechhomegear.github.io/pins/2026-08-20/PIN-1787244227106-A.png","","AWAITING_RENDER"
"PIN-1787244229153-B","WORK-1787244346943","ITEQ Brake Fluid Tester Pen","B076SC377J","B","PRODUCT_HERO","ITEQ brake fluid tester pen shown prominently with automotive brake-service context in the background.","Car Maintenance | Brake System | Car Safety | DIY Auto | Automotive Tools","YES","PENDING_RENDER_QA","As an Amazon Associate, I earn from qualifying purchases.","https://amzn.to/4gItUX6","Car Maintenance & Safety","Brake Fluid Tester for Quick Maintenance Checks","Brake fluid absorbs moisture over time. This tester pen can provide a quick screening indication that helps you decide when the fluid deserves proper service evaluation. As an Amazon Associate, I earn from qualifying purchases. #CarMaintenance #BrakeSystem #CarSafety #DIYAuto #AutomotiveTools","Car Maintenance, Brake System, Car Safety, DIY Auto, Automotive Tools","https://usefultechhomegear.github.io/pins/2026-08-20/PIN-1787244229153-B.png","","AWAITING_RENDER"
"PIN-1787244232259-A","WORK-1787244349510","RDINSCOS TC100 Paint Thickness Gauge","B07W3YMM2Z","A","IN_USE_READING","RDINSCOS TC100 paint thickness gauge measuring a car body panel during a used-car inspection.","Used Car Inspection | Car Maintenance | Auto Body | DIY Tools | Car Buying","YES","PENDING_RENDER_QA","As an Amazon Associate, I earn from qualifying purchases.","https://amzn.to/3U44QBa","Used Car Inspection & Buying","Buying a Used Car? Check Paint Thickness","A paint-thickness gauge can help a used-car buyer compare body panels and identify areas worth asking about or inspecting more closely. Different readings are clues, not proof of collision damage. As an Amazon Associate, I earn from qualifying purchases. #UsedCarInspection #CarMaintenance #AutoBody #DIYTools #CarBuying","Used Car Inspection, Car Maintenance, Auto Body, DIY Tools, Car Buying","https://usefultechhomegear.github.io/pins/2026-08-20/PIN-1787244232259-A.png","","AWAITING_RENDER"
"PIN-1787244234425-B","WORK-1787244351763","RDINSCOS TC100 Paint Thickness Gauge","B07W3YMM2Z","B","COMPARATIVE_READING","RDINSCOS TC100 paint thickness gauge comparing readings on two vehicle body panels.","Used Car Inspection | Car Maintenance | Auto Body | DIY Tools | Car Buying","YES","PENDING_RENDER_QA","As an Amazon Associate, I earn from qualifying purchases.","https://amzn.to/3U44QBa","Used Car Inspection & Buying","Factory Paint or Repaint? Measure Before You Buy","A paint-thickness gauge can help a used-car buyer compare body panels and identify areas worth asking about or inspecting more closely. Different readings are clues, not proof of collision damage. As an Amazon Associate, I earn from qualifying purchases. #UsedCarInspection #CarMaintenance #AutoBody #DIYTools #CarBuying","Used Car Inspection, Car Maintenance, Auto Body, DIY Tools, Car Buying","https://usefultechhomegear.github.io/pins/2026-08-20/PIN-1787244234425-B.png","","AWAITING_RENDER"
"PIN-1787244238219-A","WORK-1787244355648","Power Probe III Circuit Tester","B00G4YUWMC","A","DIAGNOSTIC_CONTEXT","Power Probe III circuit tester being used on an automotive electrical circuit in an engine bay.","Car Diagnostics | Electrical Systems | Car Maintenance | DIY Auto | Automotive Tools","YES","PENDING_RENDER_QA","As an Amazon Associate, I earn from qualifying purchases.","https://amzn.to/4xRHDAG","Car Diagnostics & Inspection","Trace Automotive Power and Ground Faster","Automotive electrical diagnosis often starts with confirming power, ground and circuit behavior. The Power Probe III is designed for experienced troubleshooting when used according to the manufacturer instructions. As an Amazon Associate, I earn from qualifying purchases. #CarDiagnostics #ElectricalSystems #CarMaintenance #DIYAuto #AutomotiveTools","Car Diagnostics, Electrical Systems, Car Maintenance, DIY Auto, Automotive Tools","https://usefultechhomegear.github.io/pins/2026-08-20/PIN-1787244238219-A.png","","AWAITING_RENDER"
"PIN-1787244240416-B","WORK-1787244358254","Power Probe III Circuit Tester","B00G4YUWMC","B","TOOL_HERO","Power Probe III circuit tester shown prominently with a vehicle battery and wiring in the background.","Car Diagnostics | Electrical Systems | Car Maintenance | DIY Auto | Automotive Tools","YES","PENDING_RENDER_QA","As an Amazon Associate, I earn from qualifying purchases.","https://amzn.to/4xRHDAG","Car Diagnostics & Inspection","Power Probe III for Electrical Troubleshooting","Automotive electrical diagnosis often starts with confirming power, ground and circuit behavior. The Power Probe III is designed for experienced troubleshooting when used according to the manufacturer instructions. As an Amazon Associate, I earn from qualifying purchases. #CarDiagnostics #ElectricalSystems #CarMaintenance #DIYAuto #AutomotiveTools","Car Diagnostics, Electrical Systems, Car Maintenance, DIY Auto, Automotive Tools","https://usefultechhomegear.github.io/pins/2026-08-20/PIN-1787244240416-B.png","","AWAITING_RENDER"
"PIN-1787244243429-A","WORK-1787244360761","DEPSTECH DS650 Borescope","B0DT16R78W","A","ACCESS_PROBLEM","DEPSTECH DS650 borescope cable inspecting a hard-to-reach area inside a vehicle engine bay.","Car Inspection | Engine Maintenance | Car Diagnostics | DIY Auto | Automotive Tools","YES","PENDING_RENDER_QA","As an Amazon Associate, I earn from qualifying purchases.","https://amzn.to/4zu894E","Car Diagnostics & Inspection","Inspect Hard-to-Reach Engine Areas","A borescope can help inspect mechanical areas that are difficult to see without removing surrounding components. It provides visual evidence, not a complete diagnosis. As an Amazon Associate, I earn from qualifying purchases. #CarInspection #EngineMaintenance #CarDiagnostics #DIYAuto #AutomotiveTools","Car Inspection, Engine Maintenance, Car Diagnostics, DIY Auto, Automotive Tools","https://usefultechhomegear.github.io/pins/2026-08-20/PIN-1787244243429-A.png","","AWAITING_RENDER"
"PIN-1787244248427-B","WORK-1787244362962","DEPSTECH DS650 Borescope","B0DT16R78W","B","SCREEN_RESULT","DEPSTECH DS650 borescope screen showing a close view of a mechanical area inside a vehicle.","Car Inspection | Engine Maintenance | Car Diagnostics | DIY Auto | Automotive Tools","YES","PENDING_RENDER_QA","As an Amazon Associate, I earn from qualifying purchases.","https://amzn.to/4zu894E","Car Diagnostics & Inspection","See Inside Tight Mechanical Spaces","A borescope can help inspect mechanical areas that are difficult to see without removing surrounding components. It provides visual evidence, not a complete diagnosis. As an Amazon Associate, I earn from qualifying purchases. #CarInspection #EngineMaintenance #CarDiagnostics #DIYAuto #AutomotiveTools","Car Inspection, Engine Maintenance, Car Diagnostics, DIY Auto, Automotive Tools","https://usefultechhomegear.github.io/pins/2026-08-20/PIN-1787244248427-B.png","","AWAITING_RENDER"
"PIN-1787244252805-A","WORK-1787244366048","Klein Tools IR1 Infrared Thermometer","B0873T6SGR","A","LIVE_MEASUREMENT","Klein Tools IR1 infrared thermometer measuring the surface temperature of an automotive component.","Car Diagnostics | Car Maintenance | Engine Temperature | DIY Auto | Automotive Tools","YES","PENDING_RENDER_QA","As an Amazon Associate, I earn from qualifying purchases.","https://amzn.to/4xh4x4K","Car Diagnostics & Inspection","Compare Automotive Temperatures Without Contact","A non-contact infrared thermometer can help compare surface temperatures during automotive troubleshooting. Treat temperature differences as diagnostic clues, not proof of a specific failure. As an Amazon Associate, I earn from qualifying purchases. #CarDiagnostics #CarMaintenance #EngineTemperature #DIYAuto #AutomotiveTools","Car Diagnostics, Car Maintenance, Engine Temperature, DIY Auto, Automotive Tools","https://usefultechhomegear.github.io/pins/2026-08-20/PIN-1787244252805-A.png","","AWAITING_RENDER"
"PIN-1787244254676-B","WORK-1787244368539","Klein Tools IR1 Infrared Thermometer","B0873T6SGR","B","PRODUCT_HERO","Klein Tools IR1 infrared thermometer shown in a garage with vehicle components in the background.","Car Diagnostics | Car Maintenance | Engine Temperature | DIY Auto | Automotive Tools","YES","PENDING_RENDER_QA","As an Amazon Associate, I earn from qualifying purchases.","https://amzn.to/4xh4x4K","Car Diagnostics & Inspection","Find Temperature Differences During Diagnosis","A non-contact infrared thermometer can help compare surface temperatures during automotive troubleshooting. Treat temperature differences as diagnostic clues, not proof of a specific failure. As an Amazon Associate, I earn from qualifying purchases. #CarDiagnostics #CarMaintenance #EngineTemperature #DIYAuto #AutomotiveTools","Car Diagnostics, Car Maintenance, Engine Temperature, DIY Auto, Automotive Tools","https://usefultechhomegear.github.io/pins/2026-08-20/PIN-1787244254676-B.png","","AWAITING_RENDER"