"Title","Media URL","Pinterest board","Thumbnail","Description","Link","Publish date","Keywords"
"Check Brake Fluid Moisture Before Service","https://usefultechhomegear.github.io/pins/2026-08-20/PIN-1787244227106-A.png","Car Maintenance & Safety","","Brake fluid absorbs moisture over time. This tester pen can provide a quick screening indication that helps you decide when the fluid deserves proper service evaluation. As an Amazon Associate, I earn from qualifying purchases. #CarMaintenance #BrakeSystem #CarSafety #DIYAuto #AutomotiveTools","https://amzn.to/4gItUX6","","Car Maintenance, Brake System, Car Safety, DIY Auto, Automotive Tools"
"Brake Fluid Tester for Quick Maintenance Checks","https://usefultechhomegear.github.io/pins/2026-08-20/PIN-1787244229153-B.png","Car Maintenance & Safety","","Brake fluid absorbs moisture over time. This tester pen can provide a quick screening indication that helps you decide when the fluid deserves proper service evaluation. As an Amazon Associate, I earn from qualifying purchases. #CarMaintenance #BrakeSystem #CarSafety #DIYAuto #AutomotiveTools","https://amzn.to/4gItUX6","","Car Maintenance, Brake System, Car Safety, DIY Auto, Automotive Tools"
"Buying a Used Car? Check Paint Thickness","https://usefultechhomegear.github.io/pins/2026-08-20/PIN-1787244232259-A.png","Used Car Inspection & Buying","","A paint-thickness gauge can help a used-car buyer compare body panels and identify areas worth asking about or inspecting more closely. Different readings are clues, not proof of collision damage. As an Amazon Associate, I earn from qualifying purchases. #UsedCarInspection #CarMaintenance #AutoBody #DIYTools #CarBuying","https://amzn.to/3U44QBa","","Used Car Inspection, Car Maintenance, Auto Body, DIY Tools, Car Buying"
"Factory Paint or Repaint? Measure Before You Buy","https://usefultechhomegear.github.io/pins/2026-08-20/PIN-1787244234425-B.png","Used Car Inspection & Buying","","A paint-thickness gauge can help a used-car buyer compare body panels and identify areas worth asking about or inspecting more closely. Different readings are clues, not proof of collision damage. As an Amazon Associate, I earn from qualifying purchases. #UsedCarInspection #CarMaintenance #AutoBody #DIYTools #CarBuying","https://amzn.to/3U44QBa","","Used Car Inspection, Car Maintenance, Auto Body, DIY Tools, Car Buying"
"Trace Automotive Power and Ground Faster","https://usefultechhomegear.github.io/pins/2026-08-20/PIN-1787244238219-A.png","Car Diagnostics & Inspection","","Automotive electrical diagnosis often starts with confirming power, ground and circuit behavior. The Power Probe III is designed for experienced troubleshooting when used according to the manufacturer instructions. As an Amazon Associate, I earn from qualifying purchases. #CarDiagnostics #ElectricalSystems #CarMaintenance #DIYAuto #AutomotiveTools","https://amzn.to/4xRHDAG","","Car Diagnostics, Electrical Systems, Car Maintenance, DIY Auto, Automotive Tools"
"Power Probe III for Electrical Troubleshooting","https://usefultechhomegear.github.io/pins/2026-08-20/PIN-1787244240416-B.png","Car Diagnostics & Inspection","","Automotive electrical diagnosis often starts with confirming power, ground and circuit behavior. The Power Probe III is designed for experienced troubleshooting when used according to the manufacturer instructions. As an Amazon Associate, I earn from qualifying purchases. #CarDiagnostics #ElectricalSystems #CarMaintenance #DIYAuto #AutomotiveTools","https://amzn.to/4xRHDAG","","Car Diagnostics, Electrical Systems, Car Maintenance, DIY Auto, Automotive Tools"
"Inspect Hard-to-Reach Engine Areas","https://usefultechhomegear.github.io/pins/2026-08-20/PIN-1787244243429-A.png","Car Diagnostics & Inspection","","A borescope can help inspect mechanical areas that are difficult to see without removing surrounding components. It provides visual evidence, not a complete diagnosis. As an Amazon Associate, I earn from qualifying purchases. #CarInspection #EngineMaintenance #CarDiagnostics #DIYAuto #AutomotiveTools","https://amzn.to/4zu894E","","Car Inspection, Engine Maintenance, Car Diagnostics, DIY Auto, Automotive Tools"
"See Inside Tight Mechanical Spaces","https://usefultechhomegear.github.io/pins/2026-08-20/PIN-1787244248427-B.png","Car Diagnostics & Inspection","","A borescope can help inspect mechanical areas that are difficult to see without removing surrounding components. It provides visual evidence, not a complete diagnosis. As an Amazon Associate, I earn from qualifying purchases. #CarInspection #EngineMaintenance #CarDiagnostics #DIYAuto #AutomotiveTools","https://amzn.to/4zu894E","","Car Inspection, Engine Maintenance, Car Diagnostics, DIY Auto, Automotive Tools"
"Compare Automotive Temperatures Without Contact","https://usefultechhomegear.github.io/pins/2026-08-20/PIN-1787244252805-A.png","Car Diagnostics & Inspection","","A non-contact infrared thermometer can help compare surface temperatures during automotive troubleshooting. Treat temperature differences as diagnostic clues, not proof of a specific failure. As an Amazon Associate, I earn from qualifying purchases. #CarDiagnostics #CarMaintenance #EngineTemperature #DIYAuto #AutomotiveTools","https://amzn.to/4xh4x4K","","Car Diagnostics, Car Maintenance, Engine Temperature, DIY Auto, Automotive Tools"
"Find Temperature Differences During Diagnosis","https://usefultechhomegear.github.io/pins/2026-08-20/PIN-1787244254676-B.png","Car Diagnostics & Inspection","","A non-contact infrared thermometer can help compare surface temperatures during automotive troubleshooting. Treat temperature differences as diagnostic clues, not proof of a specific failure. As an Amazon Associate, I earn from qualifying purchases. #CarDiagnostics #CarMaintenance #EngineTemperature #DIYAuto #AutomotiveTools","https://amzn.to/4xh4x4K","","Car Diagnostics, Car Maintenance, Engine Temperature, DIY Auto, Automotive Tools"